ImageName,Label
TY02 17339 TG26 VEH F P57_1.png,Control
TY02 17339 TG26 VEH F P57_2.png,Control
TY02 17339 TG26 VEH F P57_3.png,Control
TY02 17339 TG26 VEH F P57_4.png,Control
TY02 17339 TG26 VEH F P57_5.png,Control
TY02 17339 TG26 VEH F P57_6.png,Control
TY02 17339 TG26 VEH F P57_7.png,Control
TY02 17339 TG26 VEH F P57_8.png,Control
TY02 17339 TG26 VEH F P57_9.png,Control
TY02 17339 TG26 VEH F P57_10.png,Control
TY02 17309 TG26 VEH M P57_1.png,Tg26
TY02 17309 TG26 VEH M P57_2.png,Tg26
TY02 17309 TG26 VEH M P57_3.png,Tg26
TY02 17309 TG26 VEH M P57_4.png,Tg26
TY02 17309 TG26 VEH M P57_5.png,Tg26
TY02 17309 TG26 VEH M P57_6.png,Tg26
TY02 17309 TG26 VEH M P57_7.png,Tg26
TY02 17309 TG26 VEH M P57_8.png,Tg26
TY02 17309 TG26 VEH M P57_9.png,Tg26
TY02 17309 TG26 VEH M P57_10.png,Tg26
